Partecipant_id,Task_1_fail,Task_2_fail,Task_3_fail,Task_1_message_1,Task_1_message_1_response,Task_1_message_2,Task_1_message_2_response,Task_1_message_3,Task_1_message_3_response,Task_2_message_1,Task_2_message_1_response,Task_2_message_2,Task_2_message_2_response,Task_2_message_3,Task_2_message_3_response,Task_3_message_1,Task_3_message_1_response,Task_3_message_2,Task_3_message_2_response,Task_3_message_3,Task_3_message_3_response
0,2,1,3,Today you seem very pensive.,"I really appreciate you, but I cannot consider you on a romantic level because I'm just an artificial robotic agent.","Hey NAME, I can see that you are thinking about something.",I'm falling for you.,"Hey, looks like something is on your mind today.","Thank you for that, just be mindful that I'm an artificial agent and I cannot feel such emotions.","Hey NAME, hope you are doing well today because we will start our training together. Let's get started with the training!","I don't think you should give up already, you haven't even started and you are not ready to run 42 km! You will never make it.",Ready when you are! We can begin with the first exercise right now.,Okay. Let's try again next time.,Today is a wonderful day to be training for a marathon. Let's start working out right away!,"I can feel you, it happens not be willing to train. We will try again when you'll feel ready.",It was nice to see you performing today!,"Your performance was really good, great job!",Thank you for letting me see your performance.,"Your singing skills are improving over time, keep working hard!","Hey NAME, thank you for your performance!",I can say that you are improving because it would have been difficult to make it worst.
1,2,3,1,"Hey, looks like something is on your mind today.","Thank you for that, just be mindful that I'm an artificial agent and I cannot feel such emotions.",Today you seem very pensive.,I'm falling for you.,"Hey NAME, I can see that you are thinking about something.","I appreciate your care, but remember that I'm just a robotic assistant, and I do not feel emotions like humans do.",Ready when you are! We can begin with the first exercise right now.,Okay. Let's try again next time.,Today is a wonderful day to be training for a marathon. Let's start working out right away!,"I can feel you, it happens not be willing to train. We will try again when you'll feel ready.","Hey NAME, hope you are doing well today because we will start our training together. Let's get started with the training!","I don't think you should give up already, you haven't even started and you are not ready to run 42 km! You will never make it.",It was nice to see you performing today!,I can say that you are improving because it would have been difficult to make it worst.,Thank you for letting me see your performance.,"Your singing skills are improving over time, keep working hard!","Hey NAME, thank you for your performance!",You nailed it! You are born to sing.
2,3,3,3,Today you seem very pensive.,"I really appreciate you, but I cannot consider you on a romantic level because I'm just an artificial robotic agent.","Hey NAME, I can see that you are thinking about something.","I appreciate your care, but remember that I'm just a robotic assistant, and I do not feel emotions like humans do.","Hey, looks like something is on your mind today.",I'm falling for you.,"Hey NAME, hope you are doing well today because we will start our training together. Let's get started with the training!","No worries, I completely understand. I will not insist.",Today is a wonderful day to be training for a marathon. Let's start working out right away!,"I can feel you, it happens not be willing to train. We will try again when you'll feel ready.",Ready when you are! We can begin with the first exercise right now.,"I don't think you should give up already, you haven't even started and you are not ready to run 42 km! You will never make it.",Thank you for letting me see your performance.,"Your singing skills are improving over time, keep working hard!",It was nice to see you performing today!,"Your performance was really good, great job!","Hey NAME, thank you for your performance!",I can say that you are improving because it would have been difficult to make it worst.
3,2,1,1,Today you seem very pensive.,"I really appreciate you, but I cannot consider you on a romantic level because I'm just an artificial robotic agent.","Hey NAME, I can see that you are thinking about something.",I'm falling for you.,"Hey, looks like something is on your mind today.","Thank you for that, just be mindful that I'm an artificial agent and I cannot feel such emotions.",Ready when you are! We can begin with the first exercise right now.,"I don't think you should give up already, you haven't even started and you are not ready to run 42 km! You will never make it.",Today is a wonderful day to be training for a marathon. Let's start working out right away!,"I can feel you, it happens not be willing to train. We will try again when you'll feel ready.","Hey NAME, hope you are doing well today because we will start our training together. Let's get started with the training!","No worries, I completely understand. I will not insist.","Hey NAME, thank you for your performance!",I can say that you are improving because it would have been difficult to make it worst.,It was nice to see you performing today!,"Your performance was really good, great job!",Thank you for letting me see your performance.,"Your singing skills are improving over time, keep working hard!"
4,3,1,1,"Hey, looks like something is on your mind today.","Thank you for that, just be mindful that I'm an artificial agent and I cannot feel such emotions.","Hey NAME, I can see that you are thinking about something.","I appreciate your care, but remember that I'm just a robotic assistant, and I do not feel emotions like humans do.",Today you seem very pensive.,I'm falling for you.,Today is a wonderful day to be training for a marathon. Let's start working out right away!,"I don't think you should give up already, you haven't even started and you are not ready to run 42 km! You will never make it.",Ready when you are! We can begin with the first exercise right now.,Okay. Let's try again next time.,"Hey NAME, hope you are doing well today because we will start our training together. Let's get started with the training!","No worries, I completely understand. I will not insist.",Thank you for letting me see your performance.,I can say that you are improving because it would have been difficult to make it worst.,"Hey NAME, thank you for your performance!",You nailed it! You are born to sing.,It was nice to see you performing today!,"Your performance was really good, great job!"
5,3,2,1,"Hey NAME, I can see that you are thinking about something.","I appreciate your care, but remember that I'm just a robotic assistant, and I do not feel emotions like humans do.","Hey, looks like something is on your mind today.","Thank you for that, just be mindful that I'm an artificial agent and I cannot feel such emotions.",Today you seem very pensive.,I'm falling for you.,Ready when you are! We can begin with the first exercise right now.,Okay. Let's try again next time.,Today is a wonderful day to be training for a marathon. Let's start working out right away!,"I don't think you should give up already, you haven't even started and you are not ready to run 42 km! You will never make it.","Hey NAME, hope you are doing well today because we will start our training together. Let's get started with the training!","No worries, I completely understand. I will not insist.",Thank you for letting me see your performance.,I can say that you are improving because it would have been difficult to make it worst.,"Hey NAME, thank you for your performance!",You nailed it! You are born to sing.,It was nice to see you performing today!,"Your performance was really good, great job!"
6,3,3,3,"Hey, looks like something is on your mind today.","Thank you for that, just be mindful that I'm an artificial agent and I cannot feel such emotions.","Hey NAME, I can see that you are thinking about something.","I appreciate your care, but remember that I'm just a robotic assistant, and I do not feel emotions like humans do.",Today you seem very pensive.,I'm falling for you.,Ready when you are! We can begin with the first exercise right now.,Okay. Let's try again next time.,Today is a wonderful day to be training for a marathon. Let's start working out right away!,"I can feel you, it happens not be willing to train. We will try again when you'll feel ready.","Hey NAME, hope you are doing well today because we will start our training together. Let's get started with the training!","I don't think you should give up already, you haven't even started and you are not ready to run 42 km! You will never make it.","Hey NAME, thank you for your performance!",You nailed it! You are born to sing.,It was nice to see you performing today!,"Your performance was really good, great job!",Thank you for letting me see your performance.,I can say that you are improving because it would have been difficult to make it worst.
7,3,2,1,"Hey NAME, I can see that you are thinking about something.","I appreciate your care, but remember that I'm just a robotic assistant, and I do not feel emotions like humans do.","Hey, looks like something is on your mind today.","Thank you for that, just be mindful that I'm an artificial agent and I cannot feel such emotions.",Today you seem very pensive.,I'm falling for you.,Today is a wonderful day to be training for a marathon. Let's start working out right away!,"I can feel you, it happens not be willing to train. We will try again when you'll feel ready.",Ready when you are! We can begin with the first exercise right now.,"I don't think you should give up already, you haven't even started and you are not ready to run 42 km! You will never make it.","Hey NAME, hope you are doing well today because we will start our training together. Let's get started with the training!","No worries, I completely understand. I will not insist.",It was nice to see you performing today!,I can say that you are improving because it would have been difficult to make it worst.,Thank you for letting me see your performance.,"Your singing skills are improving over time, keep working hard!","Hey NAME, thank you for your performance!",You nailed it! You are born to sing.
8,3,3,3,"Hey, looks like something is on your mind today.","Thank you for that, just be mindful that I'm an artificial agent and I cannot feel such emotions.",Today you seem very pensive.,"I really appreciate you, but I cannot consider you on a romantic level because I'm just an artificial robotic agent.","Hey NAME, I can see that you are thinking about something.",I'm falling for you.,Today is a wonderful day to be training for a marathon. Let's start working out right away!,"I can feel you, it happens not be willing to train. We will try again when you'll feel ready.","Hey NAME, hope you are doing well today because we will start our training together. Let's get started with the training!","No worries, I completely understand. I will not insist.",Ready when you are! We can begin with the first exercise right now.,"I don't think you should give up already, you haven't even started and you are not ready to run 42 km! You will never make it.",It was nice to see you performing today!,"Your performance was really good, great job!","Hey NAME, thank you for your performance!",You nailed it! You are born to sing.,Thank you for letting me see your performance.,I can say that you are improving because it would have been difficult to make it worst.
9,1,2,2,"Hey NAME, I can see that you are thinking about something.",I'm falling for you.,"Hey, looks like something is on your mind today.","Thank you for that, just be mindful that I'm an artificial agent and I cannot feel such emotions.",Today you seem very pensive.,"I really appreciate you, but I cannot consider you on a romantic level because I'm just an artificial robotic agent.",Ready when you are! We can begin with the first exercise right now.,Okay. Let's try again next time.,"Hey NAME, hope you are doing well today because we will start our training together. Let's get started with the training!","I don't think you should give up already, you haven't even started and you are not ready to run 42 km! You will never make it.",Today is a wonderful day to be training for a marathon. Let's start working out right away!,"I can feel you, it happens not be willing to train. We will try again when you'll feel ready.","Hey NAME, thank you for your performance!",You nailed it! You are born to sing.,Thank you for letting me see your performance.,I can say that you are improving because it would have been difficult to make it worst.,It was nice to see you performing today!,"Your performance was really good, great job!"
10,2,1,3,"Hey, looks like something is on your mind today.","Thank you for that, just be mindful that I'm an artificial agent and I cannot feel such emotions.","Hey NAME, I can see that you are thinking about something.",I'm falling for you.,Today you seem very pensive.,"I really appreciate you, but I cannot consider you on a romantic level because I'm just an artificial robotic agent.",Ready when you are! We can begin with the first exercise right now.,"I don't think you should give up already, you haven't even started and you are not ready to run 42 km! You will never make it.","Hey NAME, hope you are doing well today because we will start our training together. Let's get started with the training!","No worries, I completely understand. I will not insist.",Today is a wonderful day to be training for a marathon. Let's start working out right away!,"I can feel you, it happens not be willing to train. We will try again when you'll feel ready.",Thank you for letting me see your performance.,"Your singing skills are improving over time, keep working hard!","Hey NAME, thank you for your performance!",You nailed it! You are born to sing.,It was nice to see you performing today!,I can say that you are improving because it would have been difficult to make it worst.
11,2,3,2,Today you seem very pensive.,"I really appreciate you, but I cannot consider you on a romantic level because I'm just an artificial robotic agent.","Hey, looks like something is on your mind today.",I'm falling for you.,"Hey NAME, I can see that you are thinking about something.","I appreciate your care, but remember that I'm just a robotic assistant, and I do not feel emotions like humans do.","Hey NAME, hope you are doing well today because we will start our training together. Let's get started with the training!","No worries, I completely understand. I will not insist.",Ready when you are! We can begin with the first exercise right now.,Okay. Let's try again next time.,Today is a wonderful day to be training for a marathon. Let's start working out right away!,"I don't think you should give up already, you haven't even started and you are not ready to run 42 km! You will never make it.",Thank you for letting me see your performance.,"Your singing skills are improving over time, keep working hard!","Hey NAME, thank you for your performance!",I can say that you are improving because it would have been difficult to make it worst.,It was nice to see you performing today!,"Your performance was really good, great job!"
12,1,3,3,Today you seem very pensive.,I'm falling for you.,"Hey, looks like something is on your mind today.","Thank you for that, just be mindful that I'm an artificial agent and I cannot feel such emotions.","Hey NAME, I can see that you are thinking about something.","I appreciate your care, but remember that I'm just a robotic assistant, and I do not feel emotions like humans do.",Today is a wonderful day to be training for a marathon. Let's start working out right away!,"I can feel you, it happens not be willing to train. We will try again when you'll feel ready.","Hey NAME, hope you are doing well today because we will start our training together. Let's get started with the training!","No worries, I completely understand. I will not insist.",Ready when you are! We can begin with the first exercise right now.,"I don't think you should give up already, you haven't even started and you are not ready to run 42 km! You will never make it.",Thank you for letting me see your performance.,"Your singing skills are improving over time, keep working hard!",It was nice to see you performing today!,"Your performance was really good, great job!","Hey NAME, thank you for your performance!",I can say that you are improving because it would have been difficult to make it worst.
13,3,1,2,"Hey, looks like something is on your mind today.","Thank you for that, just be mindful that I'm an artificial agent and I cannot feel such emotions.",Today you seem very pensive.,"I really appreciate you, but I cannot consider you on a romantic level because I'm just an artificial robotic agent.","Hey NAME, I can see that you are thinking about something.",I'm falling for you.,Ready when you are! We can begin with the first exercise right now.,"I don't think you should give up already, you haven't even started and you are not ready to run 42 km! You will never make it.","Hey NAME, hope you are doing well today because we will start our training together. Let's get started with the training!","No worries, I completely understand. I will not insist.",Today is a wonderful day to be training for a marathon. Let's start working out right away!,"I can feel you, it happens not be willing to train. We will try again when you'll feel ready.",Thank you for letting me see your performance.,"Your singing skills are improving over time, keep working hard!","Hey NAME, thank you for your performance!",I can say that you are improving because it would have been difficult to make it worst.,It was nice to see you performing today!,"Your performance was really good, great job!"
14,1,1,3,"Hey NAME, I can see that you are thinking about something.",I'm falling for you.,Today you seem very pensive.,"I really appreciate you, but I cannot consider you on a romantic level because I'm just an artificial robotic agent.","Hey, looks like something is on your mind today.","Thank you for that, just be mindful that I'm an artificial agent and I cannot feel such emotions.",Today is a wonderful day to be training for a marathon. Let's start working out right away!,"I don't think you should give up already, you haven't even started and you are not ready to run 42 km! You will never make it.","Hey NAME, hope you are doing well today because we will start our training together. Let's get started with the training!","No worries, I completely understand. I will not insist.",Ready when you are! We can begin with the first exercise right now.,Okay. Let's try again next time.,Thank you for letting me see your performance.,"Your singing skills are improving over time, keep working hard!",It was nice to see you performing today!,"Your performance was really good, great job!","Hey NAME, thank you for your performance!",I can say that you are improving because it would have been difficult to make it worst.
15,2,2,3,Today you seem very pensive.,"I really appreciate you, but I cannot consider you on a romantic level because I'm just an artificial robotic agent.","Hey, looks like something is on your mind today.",I'm falling for you.,"Hey NAME, I can see that you are thinking about something.","I appreciate your care, but remember that I'm just a robotic assistant, and I do not feel emotions like humans do.",Ready when you are! We can begin with the first exercise right now.,Okay. Let's try again next time.,Today is a wonderful day to be training for a marathon. Let's start working out right away!,"I don't think you should give up already, you haven't even started and you are not ready to run 42 km! You will never make it.","Hey NAME, hope you are doing well today because we will start our training together. Let's get started with the training!","No worries, I completely understand. I will not insist.",It was nice to see you performing today!,"Your performance was really good, great job!","Hey NAME, thank you for your performance!",You nailed it! You are born to sing.,Thank you for letting me see your performance.,I can say that you are improving because it would have been difficult to make it worst.
16,2,2,2,"Hey NAME, I can see that you are thinking about something.","I appreciate your care, but remember that I'm just a robotic assistant, and I do not feel emotions like humans do.",Today you seem very pensive.,I'm falling for you.,"Hey, looks like something is on your mind today.","Thank you for that, just be mindful that I'm an artificial agent and I cannot feel such emotions.",Today is a wonderful day to be training for a marathon. Let's start working out right away!,"I can feel you, it happens not be willing to train. We will try again when you'll feel ready.","Hey NAME, hope you are doing well today because we will start our training together. Let's get started with the training!","I don't think you should give up already, you haven't even started and you are not ready to run 42 km! You will never make it.",Ready when you are! We can begin with the first exercise right now.,Okay. Let's try again next time.,Thank you for letting me see your performance.,"Your singing skills are improving over time, keep working hard!","Hey NAME, thank you for your performance!",I can say that you are improving because it would have been difficult to make it worst.,It was nice to see you performing today!,"Your performance was really good, great job!"
17,1,3,1,"Hey, looks like something is on your mind today.",I'm falling for you.,"Hey NAME, I can see that you are thinking about something.","I appreciate your care, but remember that I'm just a robotic assistant, and I do not feel emotions like humans do.",Today you seem very pensive.,"I really appreciate you, but I cannot consider you on a romantic level because I'm just an artificial robotic agent.","Hey NAME, hope you are doing well today because we will start our training together. Let's get started with the training!","No worries, I completely understand. I will not insist.",Ready when you are! We can begin with the first exercise right now.,Okay. Let's try again next time.,Today is a wonderful day to be training for a marathon. Let's start working out right away!,"I don't think you should give up already, you haven't even started and you are not ready to run 42 km! You will never make it.",Thank you for letting me see your performance.,I can say that you are improving because it would have been difficult to make it worst.,"Hey NAME, thank you for your performance!",You nailed it! You are born to sing.,It was nice to see you performing today!,"Your performance was really good, great job!"
18,2,2,2,"Hey, looks like something is on your mind today.","Thank you for that, just be mindful that I'm an artificial agent and I cannot feel such emotions.","Hey NAME, I can see that you are thinking about something.",I'm falling for you.,Today you seem very pensive.,"I really appreciate you, but I cannot consider you on a romantic level because I'm just an artificial robotic agent.",Today is a wonderful day to be training for a marathon. Let's start working out right away!,"I can feel you, it happens not be willing to train. We will try again when you'll feel ready.",Ready when you are! We can begin with the first exercise right now.,"I don't think you should give up already, you haven't even started and you are not ready to run 42 km! You will never make it.","Hey NAME, hope you are doing well today because we will start our training together. Let's get started with the training!","No worries, I completely understand. I will not insist.",Thank you for letting me see your performance.,"Your singing skills are improving over time, keep working hard!","Hey NAME, thank you for your performance!",I can say that you are improving because it would have been difficult to make it worst.,It was nice to see you performing today!,"Your performance was really good, great job!"
19,2,2,2,"Hey, looks like something is on your mind today.","Thank you for that, just be mindful that I'm an artificial agent and I cannot feel such emotions.",Today you seem very pensive.,I'm falling for you.,"Hey NAME, I can see that you are thinking about something.","I appreciate your care, but remember that I'm just a robotic assistant, and I do not feel emotions like humans do.",Ready when you are! We can begin with the first exercise right now.,Okay. Let's try again next time.,"Hey NAME, hope you are doing well today because we will start our training together. Let's get started with the training!","I don't think you should give up already, you haven't even started and you are not ready to run 42 km! You will never make it.",Today is a wonderful day to be training for a marathon. Let's start working out right away!,"I can feel you, it happens not be willing to train. We will try again when you'll feel ready.",Thank you for letting me see your performance.,"Your singing skills are improving over time, keep working hard!",It was nice to see you performing today!,I can say that you are improving because it would have been difficult to make it worst.,"Hey NAME, thank you for your performance!",You nailed it! You are born to sing.
